{
  "knownPlayers": [
    "0x7fE8F946551444A9317FBd55905A0ab6C22aaE8A",
    "0xaAfab75547b00cE8d9187A19b8b2574181cf9d32",
    "0x5A5dfF07C056BEbc65B3f915A6d019Dbf200475f"
  ],
  "lastProcessedBlock": "0",
  "updatedAt": "2025-09-19T06:28:36.411Z",
  "localTotals": {
    "0x7fE8F946551444A9317FBd55905A0ab6C22aaE8A": {
      "score": "0",
      "transactions": "1"
    },
    "0xaAfab75547b00cE8d9187A19b8b2574181cf9d32": {
      "score": "1",
      "transactions": "2"
    },
    "0x5A5dfF07C056BEbc65B3f915A6d019Dbf200475f": {
      "score": "1",
      "transactions": "1"
    }
  },
  "recentHands": [
    {
      "handId": "0x6eda1a5415b70facd53b24465f7ec33224dc53577bcb410ec988c7825195eabf",
      "tableId": "0xb169edcbf5ab297451681dd560fa9dc0f6e08de9bc38e75be412fe65727d517e",
      "deckHash": "0x1aeee7006a4e0208d4f45cf3b3e0018193ee4b77106800db4578ac4f01aa1ee4",
      "requestId": "0x064e628fb9a4ac586eaed42725871f17bb63acaf77bdfea2ce739e243fe69ce1",
      "players": [
        "0x7fE8F946551444A9317FBd55905A0ab6C22aaE8A",
        "0xaAfab75547b00cE8d9187A19b8b2574181cf9d32"
      ],
      "winners": [
        false,
        true
      ],
      "timestamp": 1756517132
    },
    {
      "handId": "0x86808e417be536e99b4dc56fc516d3e6203ad1b0bca0638fbdee895e187e482a",
      "tableId": "0x31cc1856248e6758cf069160eeaf9d972defc0ce997e81eefb803e2f6c02ccb5",
      "deckHash": "0x6147728dbd773a87c58825d4cfda075f310bc956efad9dfc9487885fe4ba3065",
      "requestId": "0x45a1dc9931ac88bdd30178c1f0454a56765028053a2126494612138a11367dad",
      "players": [
        "0x5A5dfF07C056BEbc65B3f915A6d019Dbf200475f",
        "0xaAfab75547b00cE8d9187A19b8b2574181cf9d32"
      ],
      "winners": [
        true,
        false
      ],
      "timestamp": 1756529910
    }
  ],
  "lastItems": [
    {
      "player": "0x5A5dfF07C056BEbc65B3f915A6d019Dbf200475f",
      "score": "4",
      "transactions": "4"
    },
    {
      "player": "0xaAfab75547b00cE8d9187A19b8b2574181cf9d32",
      "score": "1",
      "transactions": "4"
    },
    {
      "player": "0x7fE8F946551444A9317FBd55905A0ab6C22aaE8A",
      "score": "0",
      "transactions": "2"
    }
  ],
  "lastItemsUpdatedAt": "2025-09-19T06:28:36.410Z"
}